source,url,date,rating,text
App Store,https://apps.apple.com/br/app/n%C3%A9ctar/id6748546755?see-all=reviews,2026-08-22,5,"O app está cada dia melhor
O app evoluiu muito!! Acredito ser o melhor app de assistência pessoal do mercado! Parabéns aos desenvolvedores está ótimo"
App Store,https://apps.apple.com/br/app/n%C3%A9ctar/id6748546755?see-all=reviews,2026-08-21,5,"Muito bom
Simplesmente sensacional, me ajudou muito"
App Store,https://apps.apple.com/br/app/n%C3%A9ctar/id6748546755?see-all=reviews,2026-07-18,3,"App bom porem
A forma de colocar teto nos gastos para ir acompanhando se esta para bater o limite ta muito ruim! Ex ifood teto de 500 e gastei 300"
App Store,https://apps.apple.com/br/app/n%C3%A9ctar/id6748546755?see-all=reviews,2026-07-07,4,"Excelente
Realmente um app fora da caixa. Pretendo permanecer com ele. Já planos para sincronia com o reminders do iOS? Senti falta de widgets também. Mas parabéns. UI sensacional."
App Store,https://apps.apple.com/br/app/n%C3%A9ctar/id6748546755?see-all=reviews,2026-05-27,5,"Néctar mudou a minha vida
Melhorou minha vida para organizar meu dia a dia."
App Store,https://apps.apple.com/br/app/n%C3%A9ctar/id6748546755?see-all=reviews,2026-05-21,5,"O melhor
O melhor assistente de IA definitivamente."
App Store,https://apps.apple.com/br/app/n%C3%A9ctar/id6748546755?see-all=reviews,2026-05-20,5,"Indispensável para meus dias
O Néctar é o funcionário do mês por aqui. Me ajudou a organizar toda minha rotina, tarefas e compromissos. Sensacional!"
App Store,https://apps.apple.com/br/app/n%C3%A9ctar/id6748546755?see-all=reviews,2026-05-20,5,"Excelente app. Intuitivo e bem completo
Top demais"
App Store,https://apps.apple.com/br/app/n%C3%A9ctar/id6748546755?see-all=reviews,2026-05-19,5,"Melhor assistente de ia que já vi
Rápido, diversas funcionalidades para organização. Para quem tem empresa mesmo é essencial pois com a conexao no WhatsApp ajuda muito, vc pode mandar audio, controlar seus gastos,  organizar completamente sua vida! Curti muito e recomendo"
App Store,https://apps.apple.com/br/app/n%C3%A9ctar/id6748546755?see-all=reviews,2026-05-08,5,"É prático e não preciso desenvolver meu próprio Jarvis
Adquiri o Néctar há um pouco mais de um mês e uso diariamente. Acho o app muito útil e tem facilitado as coisas pra mim. Gosto do tema de organização e produtividade, já usei diversos apps e sistemas. O Néctar não é perfeito, há pontos a melhorar, mas percebo boa vontade e uma evolução. Inclusive, não tive problema com atendimento. Precisei e tive atendimento humano, o qual fez o acompanhamento da minha demanda desde o início até ser resolvido. Pretendo continuar usando e acho que a ferramenta só vai melhorar e o bom é que apliquei metodologias que usava no app e funciona bem!"
App Store,https://apps.apple.com/br/app/n%C3%A9ctar/id6748546755?see-all=reviews,2026-04-16,1,"Muitas falhas e erros
Baixei a primeira vez em 2025, mas desisti no primeiro dia devido a inúmeras falhas e erros. Vi agora em abril/26 algumas mudanças que pareciam ter melhorado bem, comprei novamente, porém, ilusão. Adicionam funcionalidades sem corrigir as falhas de antes. Não vai pra frente assim. A ideia ao que se propõe é ótima, mas com erros e falhas subsequentes, não rola! E pra completar, o suporte é um chatbot tão ruim quanto, que não resolve nada e mesmo falando “quero suporte humano”, isso não existe!"
App Store,https://apps.apple.com/br/app/n%C3%A9ctar/id6748546755?see-all=reviews,2026-02-20,5,"Excelente
É literalmente o meu Jarvis pessoal. Bom demais!!!!"
App Store,https://apps.apple.com/br/app/n%C3%A9ctar/id6748546755?see-all=reviews,2026-02-09,1,"É só uma ia como qualquer outra
É apenas uma ia sem graça e cheia de limitações."
App Store,https://apps.apple.com/br/app/n%C3%A9ctar/id6748546755?see-all=reviews,2026-02-08,1,"COBRANÇA INDEVIDA
Cancelei minha assinatura no mes 11 de 2025 e continua cobrando no meu cartão! Vou denunciar como fraude"
App Store,https://apps.apple.com/br/app/n%C3%A9ctar/id6748546755?see-all=reviews,2026-02-03,1,"Pessimo
Nao tem suporte nao baixe vai se arrepender"
App Store,https://apps.apple.com/br/app/n%C3%A9ctar/id6748546755?see-all=reviews,2026-01-24,1,"HORRÍVEL
Não tem suporte algum, horrível, pega seu dinheiro e dane-se!"
App Store,https://apps.apple.com/br/app/n%C3%A9ctar/id6748546755?see-all=reviews,2026-01-01,1,"Péssimo app
Não disponibiliza nem para saber como é o app e já querem cobrar"
App Store,https://apps.apple.com/br/app/n%C3%A9ctar/id6748546755?see-all=reviews,2025-12-15,1,"Não consegue acesso
O valor saiu da conta, mas ao tentar acessar não pega. Diz que é inválido! Manda renovar assinatura. Como? Já paguei! Ai querem que eu pague novamente? 
Muito stressante!"
App Store,https://apps.apple.com/br/app/n%C3%A9ctar/id6748546755?see-all=reviews,2025-12-13,1,"A volta dos que não foram
Queria dizer que tive uma experiência ruim com o app, mas nem posso chamar isso de experiência, pois assim que confirmei o email para o cadastro já cai numa tela que me dizia que a minha assinatura era inválida e assim acabou algo que sequer começou. Recomendo contratarem um UX designer urgente."
App Store,https://apps.apple.com/br/app/n%C3%A9ctar/id6748546755?see-all=reviews,2025-12-09,1,"Pessimo
Como vou testar um app pra saber que é bom se tenho que pagar para usá-lo, deveriam pelo menos colocar um período de avaliação gratuita"
App Store,https://apps.apple.com/br/app/n%C3%A9ctar/id6748546755?see-all=reviews,2025-12-08,1,"Promissor mas não.
O aplicativo parecia promissor pela proposta vendida, mas deu bug na criação da conta, formulário de onboarding para na metade e não avança por falta de autenticação."
App Store,https://apps.apple.com/br/app/n%C3%A9ctar/id6748546755?see-all=reviews,2025-12-06,1,"Vendido com diversas falhas
O néctar não entrega o que foi proposto, o modo financeiro para gerenciar tem diversas falhas, tanto na inserção manual quanto pelo chat, o modo de projetos não funciona corretamente. Por ser o início do desenvolvimento eu entendo, mas tentei contato com o suporte diversas vezes pelo formulário que eles pedem e via email, mas nunca tive retorno… Sendo assim, não concordo com a proposta de ter o vitalício sem que ao menos o cliente seja respondido, e não foi por falta de esperar, pois eles pedem até 48 horas e esperei por mais de 6 dias…"
App Store,https://apps.apple.com/br/app/n%C3%A9ctar/id6748546755?see-all=reviews,2025-12-06,5,"Otimo assistente
Muito bom vale cada centavo"
App Store,https://apps.apple.com/br/app/n%C3%A9ctar/id6748546755?see-all=reviews,2025-12-06,5,"App muito bom
É o app mais completo para organização pessoal. É, de fato, um Assistente Pessoal, que está em constante aprendizado dos teus hábitos e tarefas. Vale a pena!"
App Store,https://apps.apple.com/br/app/n%C3%A9ctar/id6748546755?see-all=reviews,2025-11-27,5,"Nectar
Melhor app de organização, simples e facil, para tudo desde treinos, dieta, finanças, simplesmente perfeito."
App Store,https://apps.apple.com/br/app/n%C3%A9ctar/id6748546755?see-all=reviews,2025-11-27,5,"Tudo perfeito!!
Ótimo app pra organização,  o chat estilo “Jarvis” me ganhou muito. A nova atualização de adicionar as compras dos cartões é sensacional…"
App Store,https://apps.apple.com/br/app/n%C3%A9ctar/id6748546755?see-all=reviews,2025-11-26,5,"Excelente
Produto no começo em desenvolvimento e gostei muito do que vi ate agora, inclusive muitas pessoas vão precisar desse sistema de organização"
App Store,https://apps.apple.com/br/app/n%C3%A9ctar/id6748546755?see-all=reviews,2025-11-21,5,"Muito Bom
Excelente"
App Store,https://apps.apple.com/br/app/n%C3%A9ctar/id6748546755?see-all=reviews,2025-11-19,1,"Decepcionada
Decepcionada de fazer assinatura e só ter mensagem de failed."
App Store,https://apps.apple.com/br/app/n%C3%A9ctar/id6748546755?see-all=reviews,2025-11-11,3,"Lembretes não funcionam
Os lembretes não funcionam. O app até tem uma boa proposta mas sem funcionar notificações pra mim não funciona"
App Store,https://apps.apple.com/br/app/n%C3%A9ctar/id6748546755?see-all=reviews,2025-10-24,3,"A ideia é legal mas tem muito que melhorar
Não funciona as notificações dos lembretes. A principal função que gostaria de usar não consigo."
App Store,https://apps.apple.com/br/app/n%C3%A9ctar/id6748546755?see-all=reviews,2025-08-12,5,"Muito bom
Comprei o app e estou gostando muito, é simples de usar e bem funcional"
App Store,https://apps.apple.com/br/app/n%C3%A9ctar/id6748546755?see-all=reviews,2025-08-06,5,"Muito bom
Estou adorando o Néctar"
Google Play,https://play.google.com/store/apps/details?id=com.wnapp.id1751730637210&hl=pt_BR,2026-06-24,5,"Até o momento, estou achando muito útil, principalmente pra controle de gastos e para lembrar de algumas coisas que preciso fazer durante o dia. Sobre o visual do aplicativo, é muito bonito! Eu sempre tive muita mania de querer fazer as coisas no manual e agora preciso a me acostumar a pedir ao Néctar. Estou gostando disso."
Google Play,https://play.google.com/store/apps/details?id=com.wnapp.id1751730637210&hl=pt_BR,2025-08-25,3,"O aplicativo tem capacidade de ser o melhor de todos nessa proposta, porém ainda tá com muitos problemas, muita das vezes o relatórios Não batem com o relatório real, precisa de ajustes, alguns pedidos que a gente faz como detalhar gastos de um determinado período, ele não tá correspondendo certo, enfim tem tudo para dar certo e ser o melhor porém no momento ainda não dá para utilizar, parabéns ao criador por essa iniciativa muito boa mas ainda precisa dar um gás nele. Uma pena gostei muito kk"
Google Play,https://play.google.com/store/apps/details?id=com.wnapp.id1751730637210&hl=pt_BR,2025-09-21,2,"Uma pena o aplicativo ainda estar incompleto. Gostei muito e bem divertido o método de usar o IA para registros, porém o fato do chat não encontrar nenhum registro principalmente os financeiros da meio que uma desanimada. Vc registra tudo e depois pede para fazer uma simples busca do que foi registrado a instantes atrás e ele não consegue fazer essa busca. Acredito que se melhorarem esse aspecto o aplicativo vai ser um espetáculo! Espero que isso mude o mais breve possível!"
